z_ang,phi_mean_ev,phi_std_ev,phi_min_ev,phi_max_ev
0.03669711663309579,-0.6276104357610153,0.46387606982309987,-1.6185331216207166,0.09939744284423474
0.11009134989928737,-0.11771237251697006,0.34681971747847407,-0.9776913731300731,0.4978549361785798
0.18348558316547897,0.14607250922951162,0.2638617352676911,-0.5825163712404285,0.6881318531176273
0.25687981643167057,0.15729969888260154,0.260984773058602,-0.44735833311928813,0.627847653871219
0.3302740496978621,-0.08332111855818795,0.3391441786544972,-0.8609769797655042,0.5000068558209965
0.4036682829640537,-0.5680209564500688,0.4514229039707353,-1.594366689966439,0.2028246650730197
0.4770625162302453,-1.2793991644074834,0.5652707001991111,-2.524597024356167,-0.33334794152392117
0.5504567494964369,-2.1867405059694356,0.6615437242700246,-3.602476839548966,-1.0918797250352934
0.6238509827626285,-3.2443358426561004,0.7270317666567915,-4.766167510810753,-2.0425481964352996
0.6972452160288201,-4.395197545891621,0.7552478646327612,-5.951995489372341,-3.1393647975942893
0.7706394492950116,-5.579968390088097,0.7475296715028125,-7.104298757607739,-4.3256652929331265
0.8440336825612033,-6.741685521727997,0.705795406945171,-8.167564075439067,-5.546234397392808
0.9174279158273948,-7.815188661927057,0.6189822614740045,-9.0559234400615,-6.751449554861582
0.9908221490935865,-8.708648169964581,0.46593376150664234,-9.638160556569108,-7.874694770490722
1.064216382359778,-9.305055603701767,0.2535977619673367,-9.79986201229474,-8.80721372464089
1.1376106156259695,-9.498491383065167,0.17399510705298563,-9.830260583470382,-9.18261256439727
1.2110048488921612,-9.246374827930314,0.3860416080212721,-9.913327677801359,-8.525416072715146
1.2843990821583529,-8.59506813347858,0.5819235365570457,-9.505429895290648,-7.532961742926289
1.3577933154245443,-7.654118962566139,0.7034901199131145,-8.693251023862292,-6.375190221395887
1.431187548690736,-6.544497349111202,0.7618763660599791,-7.641723998470634,-5.1614346255967645
1.5045817819569276,-5.362163622204933,0.7787204906568218,-6.472905195527375,-3.9580088825413418
1.577976015223119,-4.175102218075697,0.7626663507774938,-5.285066738436942,-2.807739640005425
1.6513702484893107,-3.040581506190102,0.7123498473355848,-4.09753019986858,-1.7773952758662932
1.7247644817555023,-2.016000608317948,0.6285979734869459,-2.967057497875353,-0.9171156034092545
1.7981587150216938,-1.1552228119976609,0.5193376090466485,-1.9862931954361538,-0.26522776383912644
1.8715529482878854,-0.5008577641921563,0.3985589478743059,-1.268153678430539,0.15293556657836038
1.944947181554077,-0.08109935657422257,0.2883269720039464,-0.7799707035214019,0.3985432743576953
2.0183414148202687,0.08868932733841081,0.23147643818151692,-0.544129715909181,0.47329157674098526
2.0917356480864604,0.0030223329645777315,0.27058291118340017,-0.8004365396514234,0.5142727040854449
2.1651298813526516,-0.33529643163145917,0.3717703148007476,-1.4277345367024605,0.3313826824812905
2.2385241146188433,-0.9144769664075489,0.48717676140304816,-2.2563370003665626,-0.09694511128664589
2.311918347885035,-1.7115561932544956,0.5929784217687026,-3.2476852193179213,-0.7598190358392621
2.3853125811512266,-2.6907472226183105,0.6764415103174939,-4.356906945355587,-1.6341449817272593
2.4587068144174182,-3.804483861701848,0.7308462501376096,-5.53216168971019,-2.681237014413483
2.53210104768361,-4.997484899865119,0.753322173022639,-6.708091317119539,-3.8490693029157117
2.605495280949801,-6.210291300631968,0.7409561051942477,-7.8064817890793226,-5.058749777063294
2.6788895142159928,-7.375711473696283,0.6867087567559738,-8.739052731100761,-6.237663221858762
2.7522837474821844,-8.409090609721606,0.5821254465711935,-9.401704536075073,-7.3520977587755105
2.825677980748376,-9.207406641062502,0.4374527350402826,-9.954941028241825,-8.33198340536452
2.8990722140145677,-9.6677144471487,0.3213736057921353,-10.247861475531186,-9.048734962019939
2.9724664472807594,-9.71997345818438,0.3526065543203333,-10.325849402669233,-9.147742251021207
3.045860680546951,-9.357910625146623,0.4864649815961132,-10.134715420467218,-8.39043148007351
3.1192549138131422,-8.639292897760177,0.6191763946949486,-9.508991476881649,-7.415756249008335
3.192649147079334,-7.654132503410719,0.7228666652028645,-8.697837509605039,-6.290532237378082
3.2660433803455255,-6.491616024834388,0.7986055770078158,-7.665228963507638,-5.020158350871906
3.339437613611717,-5.224201668015002,0.8480008453237381,-6.495785209838446,-3.690676065352731
3.412831846877909,-3.910759537929848,0.8680090353727417,-5.235000445421104,-2.376155321234576
3.4862260801441005,-2.6058410204945575,0.8553663582047651,-3.9246896824905684,-1.1265983419948076
3.5596203134102917,-1.360661828985906,0.8116680982961817,-2.625148341082545,0.016347329736471322
3.6330145466764834,-0.21678081128272497,0.7440448602734132,-1.4199032315607292,1.0404975001144978
3.706408779942675,0.7991571540482008,0.662301612311893,-0.3115945285066715,1.927897985012225
3.7798030132088667,1.6758897084345166,0.5757881017263378,0.6617244192749278,2.6716108829562115
3.8531972464750583,2.41434852187608,0.4915362666628263,1.5036705087563556,3.281443528566979
3.92659147974125,3.0231990525643853,0.4138680472126043,2.2133035262823024,3.7708691457963583
3.999985713007441,3.5147340346197984,0.34496891278655545,2.797881964132036,4.153895460463223
4.073379946273633,3.901927087100133,0.2857575901155304,3.26848691174729,4.443183935295677
4.1467741795398245,4.19664533573812,0.23678946143394045,3.636969926844449,4.649086148834178
4.220168412806016,4.408688987544065,0.19914944124724468,3.9142172314431907,4.779218163213676
4.293562646072208,4.545332544176143,0.1752447942426429,4.109327898813174,4.852659425506798
4.3669568793383995,4.6110799453780045,0.16873114835935027,4.122222659161599,4.891889026498725
4.440351112604591,4.607645588530757,0.1823566217478437,3.969938956876676,4.868545413965799
4.513745345870783,4.534405263641954,0.2157888212026651,3.7269748823496607,4.824472787885606
4.5871395791369745,4.3894965229525225,0.26687320577316875,3.3876506321181163,4.752832619000996
4.660533812403166,4.171199996353521,0.33333012363774295,2.956227215498178,4.6312730481181
4.733928045669357,3.8796365913006112,0.41091680507215794,2.4578110645337263,4.458956841142628
4.8073222789355485,3.5202174055469273,0.4887364739723843,1.9435091990131204,4.255002849870884
4.88071651220174,3.1077495966300646,0.547227482421997,1.4902018339080292,4.050347953549955
4.954110745467932,2.6671535333193477,0.5644668413811504,1.1904012418304026,3.7763166864244178
5.0275049787341235,2.2303850618963703,0.5295571869431717,1.101960870416554,3.4238419132945688
5.100899212000315,1.8308956409344492,0.4597622739107589,1.1612422924169767,3.006975876488967
5.174293445266507,1.492909281227211,0.4145565767606288,0.5988284259812482,2.5468191229004655
5.2476876785326985,1.2163471763530285,0.4576485914335745,0.25580529717917916,2.055019585276554
5.32108191179889,0.9684734957248619,0.5673600552342194,-0.16648539067663812,1.8321677240872336
5.394476145065082,0.6918545748504201,0.685994939254651,-0.9302391682037662,1.722768587460155
5.467870378331273,0.3239455485812031,0.7874487556923523,-1.6263648283422494,1.5375914884256474
5.541264611597465,-0.18018675004402931,0.8652919674566568,-2.3913418301820597,1.2478595621544266
5.614658844863657,-0.8241948005049491,0.9126419411160045,-2.973088011852694,0.8418044207902655
5.6880530781298475,-1.5530106647532604,0.9202047453774929,-3.4068244076023837,0.31979582846785864
5.761447311396039,-2.259160961792479,0.8879361670213991,-4.210748878261988,-0.2692726462962998
5.834841544662231,-2.8201068369925038,0.8392173633511655,-4.554724518571125,-0.8307112707725289
5.9082357779284225,-3.145494032840242,0.8246496154398997,-4.837619580281755,-1.2974759470062416
5.981630011194614,-3.20128261118156,0.8834149774130277,-4.852494503791594,-1.5124969510530577
6.055024244460806,-3.0016360406831586,0.9821416554201865,-4.87401247146632,-1.2446184318285054
6.128418477726997,-2.5910423787202737,1.047730197467231,-4.718067521415806,-0.7610470316543991
6.201812710993189,-2.034641372860933,1.0413799246013309,-4.200218834456867,-0.16693716559825342
6.275206944259381,-1.4096997957380564,0.9759260632189001,-3.319417807109296,0.3124949306798605
6.348601177525572,-0.7886175193145829,0.8883529666071555,-2.4195018260671324,0.7329398702066118
6.421995410791764,-0.22324082252765448,0.8091919262204368,-2.200667268453792,1.2989814965130064
6.495389644057956,0.26114529069027065,0.7613484343322595,-1.8014042585793126,1.5461589321831153
6.568783877324147,0.6655501539761399,0.7627647355418947,-1.2276464736656771,1.7334421840389294
6.642178110590338,1.0114815851401844,0.8004386153162658,-1.304020205364915,2.152881908593781
6.71557234385653,1.3285702717366719,0.8330273025995296,-1.3457729628443065,2.570876868605949
6.7889665771227214,1.6393212949602614,0.8318264463464698,-1.0535315375651202,3.1091279006573385
6.862360810388913,1.9488915515405498,0.8000445071151995,-0.47942686867892853,3.467463761576252
6.935755043655105,2.2483773027124405,0.7613826094477474,0.23286950705887083,3.6978839896489633
7.009149276921296,2.5274463066949333,0.7327025189643128,0.5151471537144277,3.8813560976053676
7.082543510187488,2.782192336583555,0.7069683598560982,0.7247852890884265,4.0847095599466305
7.15593774345368,3.01344793555915,0.6734270653214119,1.1696332670391458,4.323984231868218
7.229331976719871,3.2239554304181084,0.6385524506407256,1.7856985620316752,4.57067458089981
7.302726209986063,3.41827136872654,0.6125765240529057,2.2369628323247857,4.784322444915451
7.376120443252255,3.5996961841756643,0.5907259003528448,2.3121924476365363,4.934933193057111
7.449514676518446,3.7648097203072575,0.5588479695010766,2.5168219111978196,5.0072331024720365
7.522908909784637,3.9017605937979107,0.5125356434723627,2.803305806373229,4.995760443065368
7.596303143050829,3.994396608246827,0.4647177192894249,3.0253873734784364,4.899370880946831
7.66969737631702,4.029085216014099,0.4366589809266311,3.0439568565751074,4.738174155948535
7.743091609583212,3.9990408296306525,0.4463562895917883,2.958227685509668,4.7432298714460615
7.816485842849404,3.9046765044140477,0.49973574202123916,2.7020270372069035,4.708153904958344
7.889880076115595,3.752984584684499,0.5801770118418249,2.0780973830533895,4.720856745000246
7.963274309381787,3.557019977724161,0.6517140038352462,1.61784790360615,4.6451860133444605
8.036668542647979,3.33225682715981,0.6868029017285646,1.5080993266427203,4.591598790477223
8.11006277591417,3.0898448405973182,0.6885872334140567,1.5986184737752278,4.5046754820937
8.183457009180362,2.8330822398353064,0.6743097935814201,1.3007901083616247,4.3272487319729125
8.256851242446553,2.559429177011434,0.6485841678808862,1.1347805469071004,4.043865909459314
8.330245475712745,2.265236288991909,0.613208610697543,1.0276137749718441,3.640693687355908
8.403639708978936,1.9541128607521123,0.582336140545921,0.7035183874101401,3.1171646282259657
8.477033942245129,1.645211533636544,0.5698665619449035,0.45963223293327526,2.715236107709569
8.55042817551132,1.3689400758292085,0.5774135197985487,0.2149840749001795,2.457633814836516
8.623822408777512,1.1505631943879588,0.6092095304085839,-0.23115875168641642,2.410710132239885
8.697216642043703,0.9993146716014294,0.6791087263781966,-0.557059712648869,2.463788834841173
8.770610875309895,0.9110147263133476,0.7772222742592304,-0.7135923250695431,2.510178162738238
8.844005108576086,0.8749413700558959,0.8651670973993248,-0.7668564856968283,2.5591072199868763
8.917399341842279,0.8768291410276052,0.9134591722088621,-0.9272370159927381,2.575429918240158
8.99079357510847,0.899621791707219,0.9137668068943754,-0.9056185676849858,2.4995517962752247
9.06418780837466,0.9262386719617737,0.8695661581947257,-0.7733186843069146,2.302830280749411
9.137582041640853,0.9434324645624169,0.7946523197389771,-0.6317157025228528,2.33254720481645
9.210976274907043,0.9450268173359719,0.7239639404080991,-0.552647729100729,2.34162582717575
9.284370508173236,0.9349042786342215,0.7101449331791142,-0.553140094183233,2.2785593154720636
9.357764741439427,0.9262204940163932,0.7618265740160313,-0.5592451221635045,2.231328211062356
9.43115897470562,0.935118153953413,0.8149131356648454,-0.5887502889176022,2.397528606251095
9.50455320797181,0.9743406944003601,0.8147204618391116,-0.4560509414478698,2.3930358943349983
9.577947441238003,1.049444743935475,0.7727191529960352,-0.14244485311284952,2.3553973496878684
9.651341674504193,1.157409446872092,0.7434355216776186,0.022755931331357542,2.553897472978073
9.724735907770386,1.287838883136804,0.7539483797162236,-0.24144621492807955,2.7334305491691238
9.798130141036577,1.423743779406895,0.7753337850409284,-0.43230889395979066,2.916731517279019
9.871524374302767,1.5426439505147687,0.7763305218067541,-0.2563921968772709,3.097948982986554
9.94491860756896,1.6236541676749539,0.7610041863834257,0.16191733335089484,3.25508468258464
10.01831284083515,1.6562371058854883,0.7595490529029361,0.0019368010170980848,3.358374387506413
10.091707074101343,1.6404620992018217,0.7925349067475711,-0.23107017532868937,3.3779319075635454
10.165101307367534,1.5809727782196308,0.8333627392267294,-0.4569868624834581,3.2919165263843126
10.238495540633727,1.4842392601499668,0.8290188944463472,-0.40314839377982076,3.0921814025597034
10.311889773899917,1.3616453591476119,0.7532503435441527,-0.5231068589364221,2.783024519936181
10.38528400716611,1.234288098766178,0.6307017326300812,-0.39884171358860016,2.3746178063523202
10.4586782404323,1.1330179702083436,0.5258968318038353,-0.1028887220769633,2.3140984875467625
10.532072473698493,1.0889015519638987,0.5012648073290712,0.27856516427505207,2.440423619574746
10.605466706964684,1.1197946925773665,0.559483058391787,-0.05166253986194708,2.4154253476125613
10.678860940230877,1.2282598980626793,0.6489764613983706,-0.35296510536173564,2.45054897639688
10.752255173497067,1.4110075615295365,0.7159674200470513,-0.29547215407625493,2.8840699445919857
10.825649406763258,1.6614287886673207,0.7303691133849535,0.08373111147432001,3.2287812150688087
10.89904364002945,1.960492785754715,0.6967533000419529,0.6934446192334218,3.545837892669201
10.972437873295641,2.273530626718818,0.6490456606750359,1.2684813393006176,3.7029156480212766
11.045832106561834,2.5617446898813983,0.6233044647096606,1.366373887029557,3.935874453622419
11.119226339828025,2.7956635709099196,0.6286009653096013,1.4587094742274755,4.20373745501256
11.192620573094217,2.9587941358109813,0.6495656572551225,1.622960122746883,4.349608554028155
11.266014806360408,3.0451155133668317,0.6702758158845639,1.7863329545436832,4.36403454333445
11.3394090396266,3.058312745136909,0.6845803073532162,1.8607598631498656,4.285732006434446
11.412803272892791,3.0092186885664765,0.6979316307746549,1.797989408503827,4.356089458818532
11.486197506158984,2.9074396504903968,0.7230124761623462,1.3141185626541538,4.285291759159953
11.559591739425175,2.7550578209524748,0.7645414106308991,0.7933759814891976,4.069141417427257
11.632985972691367,2.551468758385043,0.8133882900609233,0.3161817232519806,3.957367117532645
11.706380205957558,2.3045740051147185,0.8565140008937439,-0.01534528220759323,3.786448634239759
11.779774439223749,2.036228685144958,0.8845611129361645,-0.22737240216188412,3.611211882848021
11.853168672489941,1.7791964152422703,0.8900883212505079,-0.6815118990850988,3.372195045872895
11.926562905756132,1.5690810496764116,0.863234689568713,-0.8446745422253459,3.0716160254839666
11.999957139022325,1.4317984835486408,0.7980391544932929,-0.6341655464512909,2.831283037782915
12.073351372288515,1.3732895986673697,0.7057159585409042,-0.11869652911609466,2.6016677102749486
12.146745605554708,1.3819496895471002,0.6182263625101796,0.03780064541723931,2.3690129010535586
12.220139838820899,1.4398181829708876,0.5796806551047671,0.3554002607910231,2.713301048597815
12.293534072087091,1.5319375837296145,0.6142013517016117,0.2361036321005813,2.99398562583094
12.366928305353282,1.6490567032064913,0.6882928692315808,0.11783514185641773,3.189417355545227
12.440322538619474,1.7824606562244232,0.7454569963915657,0.2357032706922724,3.2835186133294383
12.513716771885665,1.916747779567458,0.7594153679565598,0.5388171691793044,3.276918590460374
12.587111005151858,2.031282954078379,0.7349999008159098,0.4676538784263,3.53936079182347
12.660505238418049,2.1110121267117754,0.6923101490258556,0.6693461873268601,3.7104803663191412
12.73389947168424,2.1573650847428207,0.6683096867008169,0.5763335921379885,3.7909284786539676
12.807293704950432,2.1905826916814153,0.6908031520874616,0.5401740757825197,3.7277314059658235
12.880687938216623,2.2385094670231043,0.7377837500672543,0.7686121473891518,3.5289127399738556
12.954082171482815,2.316807922215171,0.779769093429874,0.7466333977298125,3.628286217966785
13.027476404749006,2.41795649927609,0.8198122798511284,0.7756349824725354,3.7662658266569506
13.100870638015198,2.519405389730955,0.8616783944776869,0.5779066550713261,3.8936618161829086
13.17426487128139,2.598624081861689,0.8845405131573052,0.5536088456202116,3.970626538703878
13.247659104547582,2.639983050259347,0.8665009839065438,0.6557586853451215,3.990432080660149
13.321053337813773,2.634643916112552,0.8098041784866248,0.7137934106229074,3.9388928554564204
13.394447571079965,2.5791471621848427,0.7372250435630707,0.8217976586360527,3.8090619835566084
13.467841804346156,2.473737622363737,0.6732476250597138,0.6889517463087753,3.679619490639451
13.541236037612348,2.321982931629665,0.6254979822846674,0.44414677913154904,3.5451462055947984
13.61463027087854,2.1313941483118883,0.5802148639475299,0.2348109123555086,3.261175541812653
13.68802450414473,1.9123983796113033,0.5265572086081489,0.21480022291091413,2.8384297741229125
13.761418737410922,1.6768204270744078,0.4954841541500536,0.433132090180108,2.7756250284223496
13.834812970677113,1.4377486171365719,0.5556674872379095,0.2694645091670254,2.8510197669453823
13.908207203943306,1.210291324422767,0.7225001130793838,-0.593042748570191,2.822509691397617
13.981601437209497,1.0125400515003073,0.9435711508374003,-1.3991170185496957,2.699224965705246
14.054995670475689,0.863291207149339,1.1586751529962707,-2.057541854804648,2.666549608426702
14.12838990374188,0.7739442618598332,1.3124397151401999,-2.431046465710636,2.734646761606604
14.201784137008072,0.7406141418915273,1.3624989859449415,-2.409773942668399,2.676307865758534
14.275178370274263,0.7467962729416218,1.29523970838363,-2.431200409655862,2.563731394911939
14.348572603540456,0.7767166524535315,1.1380426015391267,-2.1018768297200734,2.5318053227797708
14.421966836806646,0.8275805086216586,0.9596171582651923,-1.529382491125962,2.480937306110641
14.495361070072839,0.9101930972107004,0.8319098075311002,-0.8634088491138924,2.4074380148301784
14.56875530333903,1.0355490633416333,0.7693945037746751,-0.6627351574991351,2.5720714305723105
14.64214953660522,1.198591770194946,0.7418684753708263,-0.44752116050873425,2.8239151547893697
14.715543769871413,1.3762421265466942,0.7325842806039154,-0.4313046149089266,3.0299517869265045
14.788938003137604,1.5432794496780775,0.743344545693498,-0.2305512946805083,3.1005088305916386
14.862332236403796,1.6906306980897372,0.7755735977557083,-0.1745559300404244,3.0736870002913794
14.935726469669987,1.8278074050750857,0.8163231283125405,-0.1753595886737303,3.351686647933449
15.00912070293618,1.966565549844,0.8386361159229971,0.08840280746041343,3.539281520065013
15.08251493620237,2.10311896509643,0.8227336137633051,0.461151664013305,3.613053086216487
15.155909169468563,2.2193139522752663,0.7696984040447529,0.5017000944991145,3.8053071982985474
15.229303402734754,2.2986369362408383,0.6975823252470267,0.7746979428512416,3.860386396051258
15.302697636000946,2.334055574769603,0.6370989506002912,1.1229034829885716,3.797812184461719
15.376091869267137,2.3231623221465556,0.6254847828299269,1.1261153116418279,3.6724004228568456
15.44948610253333,2.2662121069665524,0.6797907518472778,0.4807398500786937,3.7321854344012086
15.52288033579952,2.1705816906413933,0.7765880813196606,0.05276131492400916,3.7744370575655486
15.596274569065711,2.051617555735065,0.8775271534357939,-0.05894206682525254,3.772735733904379
15.669668802331904,1.9271925163828807,0.9498907625451365,-0.34994390706347334,3.7060029539814225
15.743063035598095,1.8105897296174465,0.9684918999842408,-0.3433600132963587,3.5575339114200015
15.816457268864287,1.7062323042400003,0.9240028747095437,-0.1740571858180653,3.3346525084575505
15.889851502130478,1.6105526804514507,0.8322623295861785,-0.22066708346846073,3.1537804107941354
15.96324573539667,1.5157513175833746,0.7347131945909853,-0.4213959605277813,2.8375949777545513
16.03663996866286,1.415801500892642,0.6794003144621205,-0.3213413033867666,2.5038789622149076
16.110034201929054,1.314294204266719,0.67991122990103,0.017782521332304797,2.553663484245039
16.183428435195246,1.2256814553943818,0.7063052824067166,-0.02678999580306318,2.8557954593885992
16.256822668461435,1.1642217211267178,0.73256836217148,-0.2961626453561729,3.037817612865949
16.330216901727628,1.1323358511563797,0.7518245887426144,-0.8193115736606731,3.1125270924161024
16.40361113499382,1.12204971539762,0.7535338896724431,-1.0092592703006478,3.0746266687773924
16.47700536826001,1.1255034815966674,0.728574416400736,-0.8537635237428314,2.8980954933980554
16.550399601526202,1.141631565809208,0.6856580059502707,-0.5326625844626681,2.5844234602928453
16.623793834792394,1.171427842014219,0.6474962307397203,-0.2616568958211669,2.3473360753773918
16.697188068058587,1.2088860855014123,0.6402937270348535,-0.12800933793822344,2.3079698807590723
16.770582301324776,1.2433105287172124,0.6709690444136133,-0.33780219490049074,2.41542444370492
16.84397653459097,1.2705706321965202,0.7169983529048823,-0.5619396538900919,2.7762243295449482
16.91737076785716,1.2959844717180635,0.7562439174063319,-0.47987411464664026,3.0666144597034988
16.990765001123354,1.3275434983251035,0.7911881733422801,-0.16715245568355294,3.2510786957440008
17.064159234389543,1.3726172203877742,0.834423589329332,-0.027405425086042438,3.3146551996707405
17.137553467655735,1.4376528580933443,0.8788443465071422,-0.1441842002138409,3.3004517053468874
17.210947700921928,1.5212157982527124,0.9034788247264922,0.02230646024433865,3.278665956916958
17.28434193418812,1.6061310116247511,0.9011456511597308,-0.03404778096291591,3.130315232099331
17.35773616745431,1.662984539142371,0.8864871670862674,-0.2640491806059155,2.872960053451498
17.4311304007205,1.6610588812538503,0.8823649964498661,-0.6553155728717224,2.791381774095526
17.504524633986694,1.575369493284536,0.8953152543542892,-1.0642188895467206,2.8565719056940897
17.577918867252883,1.3903250465566377,0.9035482070816186,-1.3712970764850725,2.81726072609608
17.651313100519076,1.10313201593049,0.8777916632941276,-1.4516400973163341,2.608696016824265
17.72470733378527,0.7261788881039226,0.8080675489554536,-1.2733035641558847,2.1990230981194405
17.79810156705146,0.2900207889537677,0.7055890032269255,-1.052225937136179,1.5976596254989772
17.87149580031765,-0.1566119360832038,0.5961518170949174,-0.9909119893580091,1.0343671664865877
17.944890033583842,-0.5577437364978698,0.5308378887152742,-1.4588631385262754,0.5674723595661079
18.018284266850035,-0.8681231594255063,0.5678174514119769,-1.95491757655719,0.35302916040001564
18.091678500116227,-1.0641990764255933,0.682585359412239,-2.4163958336996765,0.704707129529498
18.165072733382416,-1.1394500156113352,0.8001735073539248,-2.574086165376246,0.9798708799395048
18.23846696664861,-1.0889674504653173,0.8886486649184259,-2.917175448918716,1.2763515689650955
18.3118611999148,-0.9002599260649553,0.9575096595179111,-3.115908582650245,1.704004783052289
18.38525543318099,-0.5656620247047537,1.0117806246601628,-3.097155530977016,2.0728768268157203
18.458649666447183,-0.10560563031258803,1.0389679270463554,-2.803328548124509,2.3470211696798366
18.532043899713376,0.42622855522805636,1.0295981404945762,-2.1925978872216683,2.5142901139182583
18.605438132979568,0.9673674590124925,0.987681301496296,-1.313502380114808,2.6912653150943378
18.678832366245757,1.4769318620372867,0.9243191236967953,-0.2811938124335287,3.27959046611859
18.75222659951195,1.94257048083534,0.8505520196320422,0.11702050451156806,3.7013666817591124
18.825620832778142,2.3648504521552,0.7765116589127438,0.48814035001448786,3.984924455596435
18.899015066044335,2.7416172351995423,0.706439047967531,1.0122353400684125,4.160611993260801
18.972409299310524,3.0643119935162764,0.6388338022793731,1.6334892720600733,4.252255309610632
19.045803532576716,3.322777380596198,0.5771529101972499,2.1428961960863258,4.2778354062061394
19.11919776584291,3.512348122347967,0.5269396679377542,2.4308229811376374,4.248296429540025
19.1925919991091,3.6385627054628507,0.4869358179553196,2.5194842685202747,4.378152553417955
19.26598623237529,3.7154277247584373,0.45326715483751717,2.515369615033041,4.471630031130796
19.339380465641483,3.7568216518193815,0.42418597642751593,2.6279331204544234,4.489770798366377
19.412774698907675,3.7690135657533395,0.40625347750582136,2.771100951852716,4.516354345430748
19.486168932173864,3.753143167156773,0.4172017336311392,2.7629314826224425,4.477416134037544
19.559563165440057,3.712884124422396,0.46586922153344856,2.3595833553844336,4.4134077676154
19.63295739870625,3.6556961693114864,0.5410794718950547,2.0249177924015296,4.391397114724221
19.706351631972442,3.5861392350795556,0.6262173934653278,1.7689944335857213,4.348379296131974
19.77974586523863,3.498654413404077,0.7128860453443722,1.575436103300148,4.291137237593958
19.853140098504824,3.376616691722924,0.8058349478110248,1.3921270913538302,4.332049536100256
19.926534331771016,3.1978505784879996,0.9137731216027217,1.137465152597915,4.331592817933732
19.99992856503721,2.941994083455165,1.034851824750458,0.7583185272182623,4.204734267409693
20.073322798303398,2.5955352672349705,1.153217878454115,0.2775553864527104,3.9644526612085493
20.14671703156959,2.153418354431885,1.2477672881281814,-0.22713861963278223,3.8901665183274585
20.220111264835783,1.6202814081093369,1.3028753199897534,-0.8325016481676517,3.7503995170205315
20.293505498101972,1.0137332138739685,1.312718750731024,-1.489955159207898,3.4716217932145095
20.366899731368164,0.36591609727951985,1.2776758443958947,-2.0829744167250372,2.999362792541371
20.440293964634357,-0.2812232829768531,1.1935533293668628,-2.5081173192289583,2.297819628814024
20.51368819790055,-0.8869810943481035,1.0498744513099045,-2.660740514158344,1.3581141861606907
20.58708243116674,-1.4224423274849003,0.8685098774193925,-2.678745940056243,0.6827627942704112
20.66047666443293,-1.8689177588832453,0.7589547833558614,-3.2203531519862865,0.258746632412735
20.733870897699124,-2.2048549232356907,0.8301274590055037,-4.166591070185573,-0.27708239794866923
20.807265130965316,-2.401765347285433,0.9926121519957426,-4.882275094969887,-0.5959616621864218
20.880659364231505,-2.440645529159299,1.114211995527073,-5.114087094116742,-0.207584899754022
20.954053597497698,-2.3273273358004567,1.1527918323029325,-4.875524883138582,0.05387228332350849
21.02744783076389,-2.08764941819356,1.1183459712640738,-4.23371801880793,0.11903861013774344
21.100842064030083,-1.7573712364732348,1.0322660267221289,-3.580502515270783,0.07578049429039091
21.17423629729627,-1.3802904700544514,0.9092161702964745,-3.3173782398910383,0.15838522009052863
21.247630530562464,-1.006023898861634,0.7623925593679896,-2.7244825718576995,0.2246237131856741
21.321024763828657,-0.6784463271628075,0.6320672885272455,-2.0452641149932758,0.49851600451155914
21.394418997094846,-0.4190182358967129,0.5666060593251272,-1.7167168128218642,0.5815278211240714
21.46781323036104,-0.21639910450184646,0.5506944090088267,-1.3572066252273074,0.7364699449669361
21.54120746362723,-0.02836977480782844,0.529255342093434,-1.0899597800125396,1.0453237454756223
21.614601696893423,0.20439593444174586,0.4860292177169728,-0.7899147835494715,1.1293555663072223
21.687995930159612,0.5349823302356004,0.45993490076455146,-0.26337100412602205,1.407694970233479
21.761390163425805,0.9850054401697482,0.5035839489077047,-0.057616626565183814,2.158907598905664
21.834784396691997,1.5337301306702011,0.6005405826132114,0.21874240328787287,2.8691258938038025
21.90817862995819,2.1300978758308093,0.6839436995612028,0.4819232167723038,3.5015808232934935
21.98157286322438,2.7161072096318635,0.713379484313663,0.928953668420969,4.021106767372697
22.05496709649057,3.246312080484894,0.6906990888588335,1.5761046672872352,4.447359414234527
22.128361329756764,3.6963635142495987,0.6380609846230699,2.256099463796043,4.778086291950008
22.201755563022953,4.059837420918404,0.5709200226761153,2.7459143761561373,4.995035819856335
22.275149796289146,4.338553770770363,0.49240104583792527,3.1831411010939634,5.11750379908603
22.348544029555338,4.534849390956472,0.40630480752882187,3.5593731939847317,5.1592985110619
22.42193826282153,4.649840681657318,0.322198792483682,3.8573886381495592,5.129185487134454
22.49533249608772,4.684625408357231,0.2506123393629266,4.061312767514221,5.031571898485204
22.568726729353912,4.640567524845875,0.20063479359094943,4.163971158859376,4.936647058436788
22.642120962620105,4.518170637340045,0.18015629798029215,4.165139552699565,4.796398952288466
22.715515195886297,4.315835723142708,0.19117361310101463,3.917168461640693,4.6106160279896535
22.788909429152486,4.029211904076814,0.22653333178872934,3.5463085554942086,4.374521378471243
22.86230366241868,3.6510921256689195,0.27777498153496344,3.0774950690216767,4.049395197234569
22.93569789568487,3.171739341404696,0.34014730548646677,2.4937995916939593,3.627602314855365
23.009092128951064,2.5796905450950853,0.41123100758549136,1.7717239013425956,3.0991413642757317
23.082486362217253,1.8633495199717558,0.488706441532641,0.926018640767915,2.470924252280219
23.155880595483445,1.013627370333839,0.5687862226978502,-0.04246470526691514,1.753990352972969
23.229274828749638,0.027784075946563937,0.6453626878541486,-1.1444918575358836,0.8995140933481418
23.302669062015827,-1.0859639887369243,0.7101927341560782,-2.381141192918644,-0.09526182811545567
23.37606329528202,-2.3044067972558517,0.7544012187748566,-3.6965087883317422,-1.2210723430426447
23.449457528548212,-3.5880430199951476,0.7710141777394982,-5.037850836412275,-2.4516380250361056
23.522851761814405,-4.884630652731636,0.7573054770774476,-6.347955625438102,-3.74202039677043
23.596245995080594,-6.136222582793054,0.7146020363170691,-7.568939343161352,-5.034342441311753
23.669640228346786,-7.282920894034866,0.6426465626499693,-8.630828813758113,-6.265088630836215
23.74303446161298,-8.258812298210728,0.535039815460375,-9.437372031021251,-7.269611578202588
23.81642869487917,-8.985938364055986,0.39563292464266153,-9.880201696200299,-8.100093575062004
23.88982292814536,-9.380392542955928,0.29533926318952897,-10.104282479145137,-8.702072863009334
23.963217161411553,-9.378621791677805,0.3686813325333093,-10.217976846466678,-8.523571807359549
24.036611394677745,-8.970449202455956,0.5364609584631976,-9.82381951275981,-7.84454658832237
24.110005627943934,-8.211884204751959,0.6790366005536688,-9.235324702979378,-6.974075995609045
24.183399861210127,-7.203965144643192,0.7619870832369604,-8.335184865443882,-5.961297579356379
24.25679409447632,-6.055615059679591,0.7910125068355752,-7.256872269630322,-4.781916412260438
24.330188327742512,-4.859572266020168,0.7819630103639975,-6.13439282289766,-3.5818441778482772
24.4035825610087,-3.6882674617890188,0.7437835717877431,-4.973936497005082,-2.4658539057193383
24.476976794274893,-2.60068321882491,0.677411060662103,-3.840510423910051,-1.491963370058442
24.550371027541086,-1.649364014616901,0.5839935280025912,-2.788773973248568,-0.7068889836740828
24.62376526080728,-0.8805963405272983,0.470434682433619,-1.8739161719986377,-0.1461160994151328
24.697159494073468,-0.3304809291667343,0.3506467185228657,-1.1466223960904889,0.19772123568083064
24.77055372733966,-0.02277683352937085,0.25139516747313717,-0.6458172822018641,0.4406836170758475
24.843947960605853,0.030031444184658484,0.22583461248500897,-0.3962366988486287,0.6423315346955786
24.91734219387204,-0.17531015490176072,0.29668343253698365,-0.817157161587096,0.5943899993683561
24.990736427138234,-0.6334634009811826,0.41107319098054196,-1.5278373080938952,0.2974538391450804
25.064130660404427,-1.3288993795086586,0.529434448032564,-2.4521406880747154,-0.24173386564467217
25.13752489367062,-2.2329947591792205,0.6320378225605457,-3.542825927410855,-1.0075730597869033
25.21091912693681,-3.302362988427517,0.7066709439721619,-4.737410853025071,-1.971810875923929
25.284313360203,-4.481100560395108,0.7470184418775737,-5.97046996800977,-3.091575464306947
25.357707593469193,-5.707108224452832,0.7520391656031538,-7.188158729025339,-4.312355834824592
25.431101826735386,-6.917232124254268,0.7200530408760514,-8.339058969335138,-5.574983639614364
25.504496060001575,-8.042333369005402,0.6391632599020772,-9.334875919344586,-6.818014267282428
25.577890293267767,-8.992594299621924,0.49021418127624095,-10.0357651915773,-7.967949274903326
25.65128452653396,-9.652551383181336,0.2800996987193051,-10.301636795928887,-8.925567765035325
25.724678759800153,-9.910225355030569,0.1840360457000193,-10.249426954302793,-9.566971520360912
25.79807299306634,-9.711299107679078,0.3922745104150338,-10.380861701840878,-9.00336415037817
25.871467226332534,-9.091710835088874,0.6010486992958062,-10.036728740173283,-8.03731461521001
25.944861459598727,-8.157887309342637,0.7350118215723342,-9.247386011522057,-6.8822520954609985
26.018255692864916,-7.034428452621245,0.8003081542214152,-8.21982894733892,-5.640771170363194
26.091649926131108,-5.8222842827378285,0.8211104345581275,-7.071462291974358,-4.385928956527836
26.1650441593973,-4.5917073122632015,0.8104430863408109,-5.859091461023604,-3.178012347034414
26.238438392663493,-3.4002921120988256,0.7670943145464464,-4.653278576041274,-2.076111318128341
26.311832625929682,-2.3066366717941733,0.6895803605149067,-3.5068321396964683,-1.1359590824026895
26.385226859195875,-1.3672757261713444,0.584215446578075,-2.4764738572628198,-0.40140585475497603
